epoch,step,train_loss
16,49,3.7733023166656494
33,99,2.442534923553467
49,149,1.8290643692016602
66,199,0.1952720284461975
83,249,0.24424850940704346
99,299,9.693238258361816
