epoch,step,train_loss
16,49,0.20526833832263947
33,99,0.09504261612892151
49,149,0.2617332339286804
66,199,0.11483661085367203
83,249,0.1809915155172348
99,299,0.1577930599451065
