epoch,step,train_loss
16,49,0.5037230253219604
33,99,0.5228124856948853
49,149,0.5051813721656799
66,199,0.24603606760501862
83,249,0.4633443355560303
99,299,0.1843147724866867
