epoch,step,train_loss
16,49,0.5722084641456604
33,99,0.4121350347995758
49,149,0.5350935459136963
66,199,0.27591371536254883
83,249,0.40939560532569885
99,299,0.49664169549942017
