epoch,step,train_loss
16,49,0.7126606702804565
33,99,0.798348069190979
49,149,0.6129059791564941
66,199,0.7025009393692017
83,249,0.5849615335464478
99,299,0.618026614189148
