epoch,step,train_loss
16,49,0.9594564437866211
33,99,0.5519023537635803
49,149,0.5516678094863892
66,199,0.5504889488220215
83,249,0.13878321647644043
99,299,0.7968766689300537
