epoch,step,train_loss
16,49,0.5201122760772705
33,99,0.47260233759880066
49,149,0.43082761764526367
66,199,0.17811892926692963
83,249,0.17583981156349182
99,299,0.10775534063577652
