epoch,step,train_loss
16,49,0.5362276434898376
33,99,0.2156004011631012
49,149,0.26561564207077026
66,199,0.4586895704269409
83,249,0.1686139553785324
99,299,0.1705537587404251
