epoch,step,train_loss
16,49,0.6876819729804993
33,99,0.5566838979721069
49,149,0.5520697236061096
66,199,0.4792829751968384
83,249,0.45675623416900635
99,299,0.277746319770813
