epoch,step,train_loss
16,49,1.7773175239562988
33,99,0.42988699674606323
49,149,0.4716949760913849
66,199,0.7352860569953918
83,249,0.5696738958358765
99,299,0.6074769496917725
